Hair,Eye
Black,Brown
Black,Brown
Black,Brown
Black,Brown
Black,Brown
Black,Brown
Black,Brown
Black,Brown
Black,Brown
Black,Brown
Black,Brown
Black,Brown
Black,Brown
Black,Brown
Black,Brown
Black,Brown
Black,Brown
Black,Brown
Black,Brown
Black,Brown
Black,Brown
Black,Brown
Black,Brown
Black,Brown
Black,Brown
Black,Brown
Black,Brown
Black,Brown
Black,Brown
Black,Brown
Black,Brown
Black,Brown
Black,Brown
Black,Brown
Black,Brown
Black,Brown
Black,Brown
Black,Brown
Black,Brown
Black,Brown
Black,Brown
Black,Brown
Black,Brown
Black,Brown
Black,Brown
Black,Brown
Black,Brown
Black,Brown
Black,Brown
Black,Brown
Black,Brown
Black,Brown
Black,Brown
Black,Brown
Black,Brown
Black,Brown
Black,Brown
Black,Brown
Black,Brown
Black,Brown
Black,Brown
Black,Brown
Black,Brown
Black,Brown
Black,Brown
Black,Brown
Black,Brown
Black,Brown
Black,Blue
Black,Blue
Black,Blue
Black,Blue
Black,Blue
Black,Blue
Black,Blue
Black,Blue
Black,Blue
Black,Blue
Black,Blue
Black,Blue
Black,Blue
Black,Blue
Black,Blue
Black,Blue
Black,Blue
Black,Blue
Black,Blue
Black,Blue
Black,Hazel
Black,Hazel
Black,Hazel
Black,Hazel
Black,Hazel
Black,Hazel
Black,Hazel
Black,Hazel
Black,Hazel
Black,Hazel
Black,Hazel
Black,Hazel
Black,Hazel
Black,Hazel
Black,Hazel
Black,Green
Black,Green
Black,Green
Black,Green
Black,Green
Brown,Brown
Brown,Brown
Brown,Brown
Brown,Brown
Brown,Brown
Brown,Brown
Brown,Brown
Brown,Brown
Brown,Brown
Brown,Brown
Brown,Brown
Brown,Brown
Brown,Brown
Brown,Brown
Brown,Brown
Brown,Brown
Brown,Brown
Brown,Brown
Brown,Brown
Brown,Brown
Brown,Brown
Brown,Brown
Brown,Brown
Brown,Brown
Brown,Brown
Brown,Brown
Brown,Brown
Brown,Brown
Brown,Brown
Brown,Brown
Brown,Brown
Brown,Brown
Brown,Brown
Brown,Brown
Brown,Brown
Brown,Brown
Brown,Brown
Brown,Brown
Brown,Brown
Brown,Brown
Brown,Brown
Brown,Brown
Brown,Brown
Brown,Brown
Brown,Brown
Brown,Brown
Brown,Brown
Brown,Brown
Brown,Brown
Brown,Brown
Brown,Brown
Brown,Brown
Brown,Brown
Brown,Brown
Brown,Brown
Brown,Brown
Brown,Brown
Brown,Brown
Brown,Brown
Brown,Brown
Brown,Brown
Brown,Brown
Brown,Brown
Brown,Brown
Brown,Brown
Brown,Brown
Brown,Brown
Brown,Brown
Brown,Brown
Brown,Brown
Brown,Brown
Brown,Brown
Brown,Brown
Brown,Brown
Brown,Brown
Brown,Brown
Brown,Brown
Brown,Brown
Brown,Brown
Brown,Brown
Brown,Brown
Brown,Brown
Brown,Brown
Brown,Brown
Brown,Brown
Brown,Brown
Brown,Brown
Brown,Brown
Brown,Brown
Brown,Brown
Brown,Brown
Brown,Brown
Brown,Brown
Brown,Brown
Brown,Brown
Brown,Brown
Brown,Brown
Brown,Brown
Brown,Brown
Brown,Brown
Brown,Brown
Brown,Brown
Brown,Brown
Brown,Brown
Brown,Brown
Brown,Brown
Brown,Brown
Brown,Brown
Brown,Brown
Brown,Brown
Brown,Brown
Brown,Brown
Brown,Brown
Brown,Brown
Brown,Brown
Brown,Brown
Brown,Brown
Brown,Brown
Brown,Brown
Brown,Blue
Brown,Blue
Brown,Blue
Brown,Blue
Brown,Blue
Brown,Blue
Brown,Blue
Brown,Blue
Brown,Blue
Brown,Blue
Brown,Blue
Brown,Blue
Brown,Blue
Brown,Blue
Brown,Blue
Brown,Blue
Brown,Blue
Brown,Blue
Brown,Blue
Brown,Blue
Brown,Blue
Brown,Blue
Brown,Blue
Brown,Blue
Brown,Blue
Brown,Blue
Brown,Blue
Brown,Blue
Brown,Blue
Brown,Blue
Brown,Blue
Brown,Blue
Brown,Blue
Brown,Blue
Brown,Blue
Brown,Blue
Brown,Blue
Brown,Blue
Brown,Blue
Brown,Blue
Brown,Blue
Brown,Blue
Brown,Blue
Brown,Blue
Brown,Blue
Brown,Blue
Brown,Blue
Brown,Blue
Brown,Blue
Brown,Blue
Brown,Blue
Brown,Blue
Brown,Blue
Brown,Blue
Brown,Blue
Brown,Blue
Brown,Blue
Brown,Blue
Brown,Blue
Brown,Blue
Brown,Blue
Brown,Blue
Brown,Blue
Brown,Blue
Brown,Blue
Brown,Blue
Brown,Blue
Brown,Blue
Brown,Blue
Brown,Blue
Brown,Blue
Brown,Blue
Brown,Blue
Brown,Blue
Brown,Blue
Brown,Blue
Brown,Blue
Brown,Blue
Brown,Blue
Brown,Blue
Brown,Blue
Brown,Blue
Brown,Blue
Brown,Blue
Brown,Hazel
Brown,Hazel
Brown,Hazel
Brown,Hazel
Brown,Hazel
Brown,Hazel
Brown,Hazel
Brown,Hazel
Brown,Hazel
Brown,Hazel
Brown,Hazel
Brown,Hazel
Brown,Hazel
Brown,Hazel
Brown,Hazel
Brown,Hazel
Brown,Hazel
Brown,Hazel
Brown,Hazel
Brown,Hazel
Brown,Hazel
Brown,Hazel
Brown,Hazel
Brown,Hazel
Brown,Hazel
Brown,Hazel
Brown,Hazel
Brown,Hazel
Brown,Hazel
Brown,Hazel
Brown,Hazel
Brown,Hazel
Brown,Hazel
Brown,Hazel
Brown,Hazel
Brown,Hazel
Brown,Hazel
Brown,Hazel
Brown,Hazel
Brown,Hazel
Brown,Hazel
Brown,Hazel
Brown,Hazel
Brown,Hazel
Brown,Hazel
Brown,Hazel
Brown,Hazel
Brown,Hazel
Brown,Hazel
Brown,Hazel
Brown,Hazel
Brown,Hazel
Brown,Hazel
Brown,Hazel
Brown,Green
Brown,Green
Brown,Green
Brown,Green
Brown,Green
Brown,Green
Brown,Green
Brown,Green
Brown,Green
Brown,Green
Brown,Green
Brown,Green
Brown,Green
Brown,Green
Brown,Green
Brown,Green
Brown,Green
Brown,Green
Brown,Green
Brown,Green
Brown,Green
Brown,Green
Brown,Green
Brown,Green
Brown,Green
Brown,Green
Brown,Green
Brown,Green
Brown,Green
Red,Brown
Red,Brown
Red,Brown
Red,Brown
Red,Brown
Red,Brown
Red,Brown
Red,Brown
Red,Brown
Red,Brown
Red,Brown
Red,Brown
Red,Brown
Red,Brown
Red,Brown
Red,Brown
Red,Brown
Red,Brown
Red,Brown
Red,Brown
Red,Brown
Red,Brown
Red,Brown
Red,Brown
Red,Brown
Red,Brown
Red,Blue
Red,Blue
Red,Blue
Red,Blue
Red,Blue
Red,Blue
Red,Blue
Red,Blue
Red,Blue
Red,Blue
Red,Blue
Red,Blue
Red,Blue
Red,Blue
Red,Blue
Red,Blue
Red,Blue
Red,Hazel
Red,Hazel
Red,Hazel
Red,Hazel
Red,Hazel
Red,Hazel
Red,Hazel
Red,Hazel
Red,Hazel
Red,Hazel
Red,Hazel
Red,Hazel
Red,Hazel
Red,Hazel
Red,Green
Red,Green
Red,Green
Red,Green
Red,Green
Red,Green
Red,Green
Red,Green
Red,Green
Red,Green
Red,Green
Red,Green
Red,Green
Red,Green
Blonde,Brown
Blonde,Brown
Blonde,Brown
Blonde,Brown
Blonde,Brown
Blonde,Brown
Blonde,Brown
Blonde,Blue
Blonde,Blue
Blonde,Blue
Blonde,Blue
Blonde,Blue
Blonde,Blue
Blonde,Blue
Blonde,Blue
Blonde,Blue
Blonde,Blue
Blonde,Blue
Blonde,Blue
Blonde,Blue
Blonde,Blue
Blonde,Blue
Blonde,Blue
Blonde,Blue
Blonde,Blue
Blonde,Blue
Blonde,Blue
Blonde,Blue
Blonde,Blue
Blonde,Blue
Blonde,Blue
Blonde,Blue
Blonde,Blue
Blonde,Blue
Blonde,Blue
Blonde,Blue
Blonde,Blue
Blonde,Blue
Blonde,Blue
Blonde,Blue
Blonde,Blue
Blonde,Blue
Blonde,Blue
Blonde,Blue
Blonde,Blue
Blonde,Blue
Blonde,Blue
Blonde,Blue
Blonde,Blue
Blonde,Blue
Blonde,Blue
Blonde,Blue
Blonde,Blue
Blonde,Blue
Blonde,Blue
Blonde,Blue
Blonde,Blue
Blonde,Blue
Blonde,Blue
Blonde,Blue
Blonde,Blue
Blonde,Blue
Blonde,Blue
Blonde,Blue
Blonde,Blue
Blonde,Blue
Blonde,Blue
Blonde,Blue
Blonde,Blue
Blonde,Blue
Blonde,Blue
Blonde,Blue
Blonde,Blue
Blonde,Blue
Blonde,Blue
Blonde,Blue
Blonde,Blue
Blonde,Blue
Blonde,Blue
Blonde,Blue
Blonde,Blue
Blonde,Blue
Blonde,Blue
Blonde,Blue
Blonde,Blue
Blonde,Blue
Blonde,Blue
Blonde,Blue
Blonde,Blue
Blonde,Blue
Blonde,Blue
Blonde,Blue
Blonde,Blue
Blonde,Blue
Blonde,Blue
Blonde,Blue
Blonde,Blue
Blonde,Blue
Blonde,Blue
Blonde,Blue
Blonde,Blue
Blonde,Hazel
Blonde,Hazel
Blonde,Hazel
Blonde,Hazel
Blonde,Hazel
Blonde,Hazel
Blonde,Hazel
Blonde,Hazel
Blonde,Hazel
Blonde,Hazel
Blonde,Hazel
Blonde,Green
Blonde,Green
Blonde,Green
Blonde,Green
Blonde,Green
Blonde,Green
Blonde,Green
Blonde,Green
Blonde,Green
Blonde,Green
Blonde,Green
Blonde,Green
Blonde,Green
Blonde,Green
Blonde,Green
